{
  "fill-specializations" : [
    {
      "value" : {
        "automatic-gradient" : "extended-gray:0.75000,1.00000"
      }
    },
    {
      "appearance" : "dark",
      "value" : {
        "automatic-gradient" : "extended-gray:0.00000,1.00000"
      }
    }
  ],
  "groups" : [
    {
      "layers" : [
        {
          "blend-mode-specializations" : [
            {
              "appearance" : "dark",
              "value" : "normal"
            }
          ],
          "glass" : true,
          "image-name" : "icon.png",
          "name" : "icon"
        }
      ],
      "shadow" : {
        "kind" : "neutral",
        "opacity" : 0.5
      },
      "translucency" : {
        "enabled" : true,
        "value" : 0.5
      }
    }
  ],
  "supported-platforms" : {
    "circles" : [
      "watchOS"
    ],
    "squares" : "shared"
  }
}